typeCode,freqCode,refPeriodId,refYear,refMonth,period,reporterCode,reporterISO,reporterDesc,flowCode,flowDesc,partnerCode,partnerISO,partnerDesc,partner2Code,partner2ISO,partner2Desc,classificationCode,classificationSearchCode,isOriginalClassification,cmdCode,cmdDesc,aggrLevel,isLeaf,customsCode,customsDesc,mosCode,motCode,motDesc,qtyUnitCode,qtyUnitAbbr,qty,isQtyEstimated,altQtyUnitCode,altQtyUnitAbbr,altQty,isAltQtyEstimated,netWgt,isNetWgtEstimated,grossWgt,isGrossWgtEstimated,cifvalue,fobvalue,primaryValue,legacyEstimationFlag,isReported,isAggregate
"C","A","20210101","2021","52","2021","36","AUS","Australia","X","Export","156","CHN","China","0","W00","World","H5","HS","true","93","Arms and ammunition; parts and accessories thereof","2","false","C00","TOTAL CPC","0","0","TOTAL MOT","-1","N/A","0","false","-1","N/A","0","false","0","true","0","false",,"847434.222","847434.222","4","false","true",
"C","A","20210101","2021","52","2021","40","AUT","Austria","X","Export","156","CHN","China","0","W00","World","H5","HS","true","93","Arms and ammunition; parts and accessories thereof","2","false","C00","TOTAL CPC","0","0","TOTAL MOT","-1","N/A","0","false","-1","N/A","0","false","0","false","0","false",,"1556188.197","1556188.197","0","false","true",
"C","A","20210101","2021","52","2021","203","CZE","Czechia","X","Export","156","CHN","China","0","W00","World","H5","HS","true","93","Arms and ammunition; parts and accessories thereof","2","false","C00","TOTAL CPC","0","0","TOTAL MOT","-1","N/A","0","false","-1","N/A","0","false","0","false","0","false","0","27345","27345","0","false","true",
"C","A","20210101","2021","52","2021","208","DNK","Denmark","X","Export","156","CHN","China","0","W00","World","H5","HS","true","93","Arms and ammunition; parts and accessories thereof","2","false","C00","TOTAL CPC","0","0","TOTAL MOT","-1","N/A","0","false","-1","N/A","0","false","0","false","0","false",,"96.07","96.07","0","false","true",
"C","A","20210101","2021","52","2021","246","FIN","Finland","X","Export","156","CHN","China","0","W00","World","H5","HS","true","93","Arms and ammunition; parts and accessories thereof","2","false","C00","TOTAL CPC","0","0","TOTAL MOT","-1","N/A","0","false","-1","N/A","0","false","0","false","0","false","0","1782.39","1782.39","0","false","true",
"C","A","20210101","2021","52","2021","251","FRA","France","X","Export","156","CHN","China","0","W00","World","H5","HS","true","93","Arms and ammunition; parts and accessories thereof","2","false","C00","TOTAL CPC","0","0","TOTAL MOT","-1","N/A","0","false","-1","N/A","0","false","0","true","0","false",,"9234.06","9234.06","4","false","true",
"C","A","20210101","2021","52","2021","276","DEU","Germany","X","Export","156","CHN","China","0","W00","World","H5","HS","true","93","Arms and ammunition; parts and accessories thereof","2","false","C00","TOTAL CPC","0","0","TOTAL MOT","-1","N/A","0","false","-1","N/A","0","false","0","true","0","false","0","4450229.696","4450229.696","4","false","true",
"C","A","20210101","2021","52","2021","344","HKG","China, Hong Kong SAR","X","Export","156","CHN","China","0","W00","World","H5","HS","true","93","Arms and ammunition; parts and accessories thereof","2","false","C00","TOTAL CPC","0","0","TOTAL MOT","-1","N/A","0","false","-1","N/A","0","false","0","true","0","false","0","90792.133","90792.133","4","false","true",
"C","A","20210101","2021","52","2021","360","IDN","Indonesia","X","Export","156","CHN","China","0","W00","World","H5","HS","true","93","Arms and ammunition; parts and accessories thereof","2","false","C00","TOTAL CPC","0","0","TOTAL MOT","-1","N/A","0","false","-1","N/A","0","false","0","false","0","false",,"2737.191","2737.191","0","false","true",
"C","A","20210101","2021","52","2021","380","ITA","Italy","X","Export","156","CHN","China","0","W00","World","H5","HS","true","93","Arms and ammunition; parts and accessories thereof","2","false","C00","TOTAL CPC","0","0","TOTAL MOT","-1","N/A","0","false","-1","N/A","0","false","0","false","0","false",,"1017790.615","1017790.615","0","false","true",
"C","A","20210101","2021","52","2021","392","JPN","Japan","X","Export","156","CHN","China","0","W00","World","H5","HS","true","93","Arms and ammunition; parts and accessories thereof","2","false","C00","TOTAL CPC","0","0","TOTAL MOT","-1","N/A","0","false","-1","N/A","0","false","0","false","0","false","0","143438.409","143438.409","0","false","true",
"C","A","20210101","2021","52","2021","490","S19","Other Asia, nes","X","Export","156","CHN","China","0","W00","World","H5","HS","true","93","Arms and ammunition; parts and accessories thereof","2","false","C00","TOTAL CPC","0","0","TOTAL MOT","-1","N/A","0","false","-1","N/A","0","false","0","false","0","false","0","169620.279","169620.279","0","false","true",
"C","A","20210101","2021","52","2021","524","NPL","Nepal","X","Export","156","CHN","China","0","W00","World","H5","HS","true","93","Arms and ammunition; parts and accessories thereof","2","false","C00","TOTAL CPC","0","0","TOTAL MOT","-1","N/A","0","false","-1","N/A","0","false","0","true","0","false","0","2765.24","2765.24","4","false","true",
"C","A","20210101","2021","52","2021","528","NLD","Netherlands","X","Export","156","CHN","China","0","W00","World","H5","HS","true","93","Arms and ammunition; parts and accessories thereof","2","false","C00","TOTAL CPC","0","0","TOTAL MOT","-1","N/A","0","false","-1","N/A","0","false","0","false","0","false","0","24650.674","24650.674","0","false","true",
"C","A","20210101","2021","52","2021","554","NZL","New Zealand","X","Export","156","CHN","China","0","W00","World","H5","HS","true","93","Arms and ammunition; parts and accessories thereof","2","false","C00","TOTAL CPC","0","0","TOTAL MOT","-1","N/A","0","false","-1","N/A","0","false","0","true","0","false",,"493343.47","493343.47","4","false","true",
"C","A","20210101","2021","52","2021","616","POL","Poland","X","Export","156","CHN","China","0","W00","World","H5","HS","true","93","Arms and ammunition; parts and accessories thereof","2","false","C00","TOTAL CPC","0","0","TOTAL MOT","-1","N/A","0","false","-1","N/A","0","false","0","true","0","false","0","37590","37590","4","false","true",
"C","A","20210101","2021","52","2021","634","QAT","Qatar","X","Export","156","CHN","China","0","W00","World","H5","HS","true","93","Arms and ammunition; parts and accessories thereof","2","false","C00","TOTAL CPC","0","0","TOTAL MOT","-1","N/A","0","false","-1","N/A","0","false","0","false","0","false","0","230644.502","230644.502","0","false","true",
"C","A","20210101","2021","52","2021","703","SVK","Slovakia","X","Export","156","CHN","China","0","W00","World","H5","HS","true","93","Arms and ammunition; parts and accessories thereof","2","false","C00","TOTAL CPC","0","0","TOTAL MOT","-1","N/A","0","false","-1","N/A","0","false","0","false","0","false",,"8461.324","8461.324","0","false","true",
"C","A","20210101","2021","52","2021","724","ESP","Spain","X","Export","156","CHN","China","0","W00","World","H5","HS","true","93","Arms and ammunition; parts and accessories thereof","2","false","C00","TOTAL CPC","0","0","TOTAL MOT","-1","N/A","0","false","-1","N/A","0","false","0","false","0","false","0","13984.579","13984.579","0","false","true",
"C","A","20210101","2021","52","2021","752","SWE","Sweden","X","Export","156","CHN","China","0","W00","World","H5","HS","true","93","Arms and ammunition; parts and accessories thereof","2","false","C00","TOTAL CPC","0","0","TOTAL MOT","-1","N/A","0","false","-1","N/A","0","false","0","true","0","false",,"11892.871","11892.871","4","false","true",
"C","A","20210101","2021","52","2021","757","CHE","Switzerland","X","Export","156","CHN","China","0","W00","World","H5","HS","true","93","Arms and ammunition; parts and accessories thereof","2","false","C00","TOTAL CPC","0","0","TOTAL MOT","-1","N/A","0","false","-1","N/A","0","false","0","false","0","false","0","1735828.446","1735828.446","0","false","true",
"C","A","20210101","2021","52","2021","764","THA","Thailand","X","Export","156","CHN","China","0","W00","World","H5","HS","true","93","Arms and ammunition; parts and accessories thereof","2","false","C00","TOTAL CPC","0","0","TOTAL MOT","-1","N/A","0","false","-1","N/A","0","false","0","true","0","false",,"780.708","780.708","4","false","true",
"C","A","20210101","2021","52","2021","784","ARE","United Arab Emirates","X","Export","156","CHN","China","0","W00","World","H5","HS","true","93","Arms and ammunition; parts and accessories thereof","2","false","C00","TOTAL CPC","0","0","TOTAL MOT","-1","N/A","0","false","-1","N/A","0","false","0","false","0","false","0","85708.643","85708.643","0","false","true",
"C","A","20210101","2021","52","2021","792","TUR","Türkiye","X","Export","156","CHN","China","0","W00","World","H5","HS","true","93","Arms and ammunition; parts and accessories thereof","2","false","C00","TOTAL CPC","0","0","TOTAL MOT","-1","N/A","0","false","-1","N/A","0","false","0","false","0","false",,"4","4","0","false","true",
"C","A","20210101","2021","52","2021","818","EGY","Egypt","X","Export","156","CHN","China","0","W00","World","H4","HS","true","93","Arms and ammunition; parts and accessories thereof","2","false","C00","TOTAL CPC","0","0","TOTAL MOT","-1","N/A","0","false","-1","N/A","0","false","0","true","0","false",,"100","100","4","false","true",
"C","A","20210101","2021","52","2021","826","GBR","United Kingdom","X","Export","156","CHN","China","0","W00","World","H5","HS","true","93","Arms and ammunition; parts and accessories thereof","2","false","C00","TOTAL CPC","0","0","TOTAL MOT","-1","N/A","0","false","-1","N/A","0","false","0","false","0","false","0","929050.43","929050.43","0","false","true",
"C","A","20210101","2021","52","2021","842","USA","USA","X","Export","156","CHN","China","0","W00","World","H5","HS","true","93","Arms and ammunition; parts and accessories thereof","2","false","C00","TOTAL CPC","0","0","TOTAL MOT","-1","N/A","0","false","-1","N/A","0","false","0","true","0","false","0","1770530","1770530","4","false","true",
"C","A","20220101","2022","52","2022","36","AUS","Australia","X","Export","156","CHN","China","0","W00","World","H6","HS","true","93","Arms and ammunition; parts and accessories thereof","2","false","C00","TOTAL CPC","0","0","TOTAL MOT","-1","N/A","0","false","-1","N/A","0","false","0","true","0","false",,"265851.736","265851.736","4","false","true",
"C","A","20220101","2022","52","2022","40","AUT","Austria","X","Export","156","CHN","China","0","W00","World","H6","HS","true","93","Arms and ammunition; parts and accessories thereof","2","false","C00","TOTAL CPC","0","0","TOTAL MOT","-1","N/A","0","false","-1","N/A","0","false","0","false","0","false",,"15122.831","15122.831","0","false","true",
"C","A","20220101","2022","52","2022","124","CAN","Canada","X","Export","156","CHN","China","0","W00","World","H6","HS","true","93","Arms and ammunition; parts and accessories thereof","2","false","C00","TOTAL CPC","0","0","TOTAL MOT","-1","N/A","0","false","-1","N/A","0","false","0","true","0","false",,"16199.856","16199.856","4","false","true",
"C","A","20220101","2022","52","2022","203","CZE","Czechia","X","Export","156","CHN","China","0","W00","World","H6","HS","true","93","Arms and ammunition; parts and accessories thereof","2","false","C00","TOTAL CPC","0","0","TOTAL MOT","-1","N/A","0","false","-1","N/A","0","false","0","false","0","false",,"10212","10212","0","false","true",
"C","A","20220101","2022","52","2022","208","DNK","Denmark","X","Export","156","CHN","China","0","W00","World","H6","HS","true","93","Arms and ammunition; parts and accessories thereof","2","false","C00","TOTAL CPC","0","0","TOTAL MOT","-1","N/A","0","false","-1","N/A","0","false","0","false","0","false",,"437.42","437.42","0","false","true",
"C","A","20220101","2022","52","2022","246","FIN","Finland","X","Export","156","CHN","China","0","W00","World","H6","HS","true","93","Arms and ammunition; parts and accessories thereof","2","false","C00","TOTAL CPC","0","0","TOTAL MOT","-1","N/A","0","false","-1","N/A","0","false","0","true","0","false",,"608.662","608.662","4","false","true",
"C","A","20220101","2022","52","2022","251","FRA","France","X","Export","156","CHN","China","0","W00","World","H6","HS","true","93","Arms and ammunition; parts and accessories thereof","2","false","C00","TOTAL CPC","0","0","TOTAL MOT","-1","N/A","0","false","-1","N/A","0","false","0","true","0","false",,"4872.97","4872.97","4","false","true",
"C","A","20220101","2022","52","2022","276","DEU","Germany","X","Export","156","CHN","China","0","W00","World","H6","HS","true","93","Arms and ammunition; parts and accessories thereof","2","false","C00","TOTAL CPC","0","0","TOTAL MOT","-1","N/A","0","false","-1","N/A","0","false","0","true","0","false",,"873309.946","873309.946","4","false","true",
"C","A","20220101","2022","52","2022","300","GRC","Greece","X","Export","156","CHN","China","0","W00","World","H6","HS","true","93","Arms and ammunition; parts and accessories thereof","2","false","C00","TOTAL CPC","0","0","TOTAL MOT","-1","N/A","0","false","-1","N/A","0","false","0","false","0","false",,"7491.388","7491.388","0","false","true",
"C","A","20220101","2022","52","2022","348","HUN","Hungary","X","Export","156","CHN","China","0","W00","World","H6","HS","true","93","Arms and ammunition; parts and accessories thereof","2","false","C00","TOTAL CPC","0","0","TOTAL MOT","-1","N/A","0","false","-1","N/A","0","false","0","false","0","false",,"1713","1713","0","false","true",
"C","A","20220101","2022","52","2022","360","IDN","Indonesia","X","Export","156","CHN","China","0","W00","World","H6","HS","true","93","Arms and ammunition; parts and accessories thereof","2","false","C00","TOTAL CPC","0","0","TOTAL MOT","-1","N/A","0","false","-1","N/A","0","false","0","false","0","false",,"1230.382","1230.382","0","false","true",
"C","A","20220101","2022","52","2022","380","ITA","Italy","X","Export","156","CHN","China","0","W00","World","H6","HS","true","93","Arms and ammunition; parts and accessories thereof","2","false","C00","TOTAL CPC","0","0","TOTAL MOT","-1","N/A","0","false","-1","N/A","0","false","0","false","0","false",,"1238486.282","1238486.282","0","false","true",
"C","A","20220101","2022","52","2022","392","JPN","Japan","X","Export","156","CHN","China","0","W00","World","H6","HS","true","93","Arms and ammunition; parts and accessories thereof","2","false","C00","TOTAL CPC","0","0","TOTAL MOT","-1","N/A","0","false","-1","N/A","0","false","0","false","0","false","0","24737.992","24737.992","0","false","true",
"C","A","20220101","2022","52","2022","490","S19","Other Asia, nes","X","Export","156","CHN","China","0","W00","World","H5","HS","true","93","Arms and ammunition; parts and accessories thereof","2","false","C00","TOTAL CPC","0","0","TOTAL MOT","-1","N/A","0","false","-1","N/A","0","false","0","false","0","false",,"3562.02","3562.02","0","false","true",
"C","A","20220101","2022","52","2022","528","NLD","Netherlands","X","Export","156","CHN","China","0","W00","World","H6","HS","true","93","Arms and ammunition; parts and accessories thereof","2","false","C00","TOTAL CPC","0","0","TOTAL MOT","-1","N/A","0","false","-1","N/A","0","false","0","false","0","false",,"116.888","116.888","0","false","true",
"C","A","20220101","2022","52","2022","554","NZL","New Zealand","X","Export","156","CHN","China","0","W00","World","H6","HS","true","93","Arms and ammunition; parts and accessories thereof","2","false","C00","TOTAL CPC","0","0","TOTAL MOT","-1","N/A","0","false","-1","N/A","0","false","0","true","0","false",,"148683.41","148683.41","4","false","true",
"C","A","20220101","2022","52","2022","608","PHL","Philippines","X","Export","156","CHN","China","0","W00","World","H5","HS","true","93","Arms and ammunition; parts and accessories thereof","2","false","C00","TOTAL CPC","0","0","TOTAL MOT","-1","N/A","0","false","-1","N/A","0","false","0","false","0","false",,"720","720","0","false","true",
"C","A","20220101","2022","52","2022","616","POL","Poland","X","Export","156","CHN","China","0","W00","World","H6","HS","true","93","Arms and ammunition; parts and accessories thereof","2","false","C00","TOTAL CPC","0","0","TOTAL MOT","-1","N/A","0","false","-1","N/A","0","false","0","true","0","false",,"3","3","4","false","true",
"C","A","20220101","2022","52","2022","703","SVK","Slovakia","X","Export","156","CHN","China","0","W00","World","H6","HS","true","93","Arms and ammunition; parts and accessories thereof","2","false","C00","TOTAL CPC","0","0","TOTAL MOT","-1","N/A","0","false","-1","N/A","0","false","0","false","0","false",,"4607.088","4607.088","0","false","true",
"C","A","20220101","2022","52","2022","752","SWE","Sweden","X","Export","156","CHN","China","0","W00","World","H6","HS","true","93","Arms and ammunition; parts and accessories thereof","2","false","C00","TOTAL CPC","0","0","TOTAL MOT","-1","N/A","0","false","-1","N/A","0","false","0","true","0","false",,"98.87","98.87","4","false","true",
"C","A","20220101","2022","52","2022","757","CHE","Switzerland","X","Export","156","CHN","China","0","W00","World","H6","HS","true","93","Arms and ammunition; parts and accessories thereof","2","false","C00","TOTAL CPC","0","0","TOTAL MOT","-1","N/A","0","false","-1","N/A","0","false","0","false","0","false",,"1684243.858","1684243.858","0","false","true",
"C","A","20220101","2022","52","2022","764","THA","Thailand","X","Export","156","CHN","China","0","W00","World","H6","HS","true","93","Arms and ammunition; parts and accessories thereof","2","false","C00","TOTAL CPC","0","0","TOTAL MOT","-1","N/A","0","false","-1","N/A","0","false","0","false","0","false",,"594629.144","594629.144","0","false","true",
"C","A","20220101","2022","52","2022","784","ARE","United Arab Emirates","X","Export","156","CHN","China","0","W00","World","H6","HS","true","93","Arms and ammunition; parts and accessories thereof","2","false","C00","TOTAL CPC","0","0","TOTAL MOT","-1","N/A","0","false","-1","N/A","0","false","0","false","0","false",,"206147.305","206147.305","0","false","true",
"C","A","20220101","2022","52","2022","792","TUR","Türkiye","X","Export","156","CHN","China","0","W00","World","H6","HS","true","93","Arms and ammunition; parts and accessories thereof","2","false","C00","TOTAL CPC","0","0","TOTAL MOT","-1","N/A","0","false","-1","N/A","0","false","0","false","0","false",,"11","11","0","false","true",
"C","A","20220101","2022","52","2022","818","EGY","Egypt","X","Export","156","CHN","China","0","W00","World","H6","HS","true","93","Arms and ammunition; parts and accessories thereof","2","false","C00","TOTAL CPC","0","0","TOTAL MOT","-1","N/A","0","false","-1","N/A","0","false",,"false","0","false",,"2200000","2200000","0","false","true",
"C","A","20220101","2022","52","2022","826","GBR","United Kingdom","X","Export","156","CHN","China","0","W00","World","H6","HS","true","93","Arms and ammunition; parts and accessories thereof","2","false","C00","TOTAL CPC","0","0","TOTAL MOT","-1","N/A","0","false","-1","N/A","0","false","0","false","0","false",,"782984.906","782984.906","0","false","true",
"C","A","20220101","2022","52","2022","842","USA","USA","X","Export","156","CHN","China","0","W00","World","H6","HS","true","93","Arms and ammunition; parts and accessories thereof","2","false","C00","TOTAL CPC","0","0","TOTAL MOT","-1","N/A","0","false","-1","N/A","0","false","0","true","0","false",,"456127","456127","4","false","true",
"C","A","20230101","2023","52","2023","40","AUT","Austria","X","Export","156","CHN","China","0","W00","World","H6","HS","true","93","Arms and ammunition; parts and accessories thereof","2","false","C00","TOTAL CPC","0","0","TOTAL MOT","-1","N/A","0","false","-1","N/A","0","false","0","true","0","false",,"2083605.712","2083605.712","4","false","true",
"C","A","20230101","2023","52","2023","203","CZE","Czechia","X","Export","156","CHN","China","0","W00","World","H6","HS","true","93","Arms and ammunition; parts and accessories thereof","2","false","C00","TOTAL CPC","0","0","TOTAL MOT","-1","N/A","0","false","-1","N/A","0","false","0","false","0","false",,"39865","39865","0","false","true",
"C","A","20230101","2023","52","2023","208","DNK","Denmark","X","Export","156","CHN","China","0","W00","World","H6","HS","true","93","Arms and ammunition; parts and accessories thereof","2","false","C00","TOTAL CPC","0","0","TOTAL MOT","-1","N/A","0","false","-1","N/A","0","false","0","false","0","false",,"4759.712","4759.712","0","false","true",
"C","A","20230101","2023","52","2023","233","EST","Estonia","X","Export","156","CHN","China","0","W00","World","H6","HS","true","93","Arms and ammunition; parts and accessories thereof","2","false","C00","TOTAL CPC","0","0","TOTAL MOT","-1","N/A","0","false","-1","N/A","0","false","0","false","0","false",,"14.97","14.97","0","false","true",
"C","A","20230101","2023","52","2023","251","FRA","France","X","Export","156","CHN","China","0","W00","World","H6","HS","true","93","Arms and ammunition; parts and accessories thereof","2","false","C00","TOTAL CPC","0","0","TOTAL MOT","-1","N/A","0","false","-1","N/A","0","false","0","true","0","false",,"11440.573","11440.573","4","false","true",
"C","A","20230101","2023","52","2023","276","DEU","Germany","X","Export","156","CHN","China","0","W00","World","H6","HS","true","93","Arms and ammunition; parts and accessories thereof","2","false","C00","TOTAL CPC","0","0","TOTAL MOT","-1","N/A","0","false","-1","N/A","0","false","0","true","0","false",,"6306391.042","6306391.042","4","false","true",
"C","A","20230101","2023","52","2023","300","GRC","Greece","X","Export","156","CHN","China","0","W00","World","H6","HS","true","93","Arms and ammunition; parts and accessories thereof","2","false","C00","TOTAL CPC","0","0","TOTAL MOT","-1","N/A","0","false","-1","N/A","0","false","0","false","0","false",,"5560.965","5560.965","0","false","true",
"C","A","20230101","2023","52","2023","344","HKG","China, Hong Kong SAR","X","Export","156","CHN","China","0","W00","World","H6","HS","true","93","Arms and ammunition; parts and accessories thereof","2","false","C00","TOTAL CPC","0","0","TOTAL MOT","-1","N/A","0","false","-1","N/A","0","false","0","false","0","false",,"2656.208","2656.208","0","false","true",
"C","A","20230101","2023","52","2023","360","IDN","Indonesia","X","Export","156","CHN","China","0","W00","World","H6","HS","true","93","Arms and ammunition; parts and accessories thereof","2","false","C00","TOTAL CPC","0","0","TOTAL MOT","-1","N/A","0","false","-1","N/A","0","false","0","false","0","false",,"136.276","136.276","0","false","true",
"C","A","20230101","2023","52","2023","380","ITA","Italy","X","Export","156","CHN","China","0","W00","World","H6","HS","true","93","Arms and ammunition; parts and accessories thereof","2","false","C00","TOTAL CPC","0","0","TOTAL MOT","-1","N/A","0","false","-1","N/A","0","false","0","false","0","false",,"6314711.461","6314711.461","0","false","true",
"C","A","20230101","2023","52","2023","392","JPN","Japan","X","Export","156","CHN","China","0","W00","World","H6","HS","true","93","Arms and ammunition; parts and accessories thereof","2","false","C00","TOTAL CPC","0","0","TOTAL MOT","-1","N/A","0","false","-1","N/A","0","false","0","false","0","false",,"14783.837","14783.837","0","false","true",
"C","A","20230101","2023","52","2023","458","MYS","Malaysia","X","Export","156","CHN","China","0","W00","World","H6","HS","true","93","Arms and ammunition; parts and accessories thereof","2","false","C00","TOTAL CPC","0","0","TOTAL MOT","-1","N/A","0","false","-1","N/A","0","false","0","false","0","false",,"29.601","29.601","0","false","true",
"C","A","20230101","2023","52","2023","490","S19","Other Asia, nes","X","Export","156","CHN","China","0","W00","World","H6","HS","true","93","Arms and ammunition; parts and accessories thereof","2","false","C00","TOTAL CPC","0","0","TOTAL MOT","-1","N/A","0","false","-1","N/A","0","false","0","false","0","false",,"85655.491","85655.491","0","false","true",
"C","A","20230101","2023","52","2023","528","NLD","Netherlands","X","Export","156","CHN","China","0","W00","World","H6","HS","true","93","Arms and ammunition; parts and accessories thereof","2","false","C00","TOTAL CPC","0","0","TOTAL MOT","-1","N/A","0","false","-1","N/A","0","false","0","false","0","false",,"5543.664","5543.664","0","false","true",
"C","A","20230101","2023","52","2023","554","NZL","New Zealand","X","Export","156","CHN","China","0","W00","World","H6","HS","true","93","Arms and ammunition; parts and accessories thereof","2","false","C00","TOTAL CPC","0","0","TOTAL MOT","-1","N/A","0","false","-1","N/A","0","false","0","true","0","false",,"168038.194","168038.194","4","false","true",
"C","A","20230101","2023","52","2023","579","NOR","Norway","X","Export","156","CHN","China","0","W00","World","H6","HS","true","93","Arms and ammunition; parts and accessories thereof","2","false","C00","TOTAL CPC","0","0","TOTAL MOT","-1","N/A","0","false","-1","N/A","0","false","0","false","0","false",,"1113.516","1113.516","0","false","true",
"C","A","20230101","2023","52","2023","616","POL","Poland","X","Export","156","CHN","China","0","W00","World","H6","HS","true","93","Arms and ammunition; parts and accessories thereof","2","false","C00","TOTAL CPC","0","0","TOTAL MOT","-1","N/A","0","false","-1","N/A","0","false","0","true","0","false",,"22","22","4","false","true",
"C","A","20230101","2023","52","2023","688","SRB","Serbia","X","Export","156","CHN","China","0","W00","World","H6","HS","true","93","Arms and ammunition; parts and accessories thereof","2","false","C00","TOTAL CPC","0","0","TOTAL MOT","-1","N/A","0","false","-1","N/A","0","false","0","false","0","false",,"643966","643966","0","false","true",
"C","A","20230101","2023","52","2023","703","SVK","Slovakia","X","Export","156","CHN","China","0","W00","World","H6","HS","true","93","Arms and ammunition; parts and accessories thereof","2","false","C00","TOTAL CPC","0","0","TOTAL MOT","-1","N/A","0","false","-1","N/A","0","false","0","false","0","false",,"13010.905","13010.905","0","false","true",
"C","A","20230101","2023","52","2023","724","ESP","Spain","X","Export","156","CHN","China","0","W00","World","H6","HS","true","93","Arms and ammunition; parts and accessories thereof","2","false","C00","TOTAL CPC","0","0","TOTAL MOT","-1","N/A","0","false","-1","N/A","0","false","0","false","0","false",,"80.846","80.846","0","false","true",
"C","A","20230101","2023","52","2023","752","SWE","Sweden","X","Export","156","CHN","China","0","W00","World","H6","HS","true","93","Arms and ammunition; parts and accessories thereof","2","false","C00","TOTAL CPC","0","0","TOTAL MOT","-1","N/A","0","false","-1","N/A","0","false",,"false","0","false",,"282.748","282.748","0","false","true",
"C","A","20230101","2023","52","2023","757","CHE","Switzerland","X","Export","156","CHN","China","0","W00","World","H6","HS","true","93","Arms and ammunition; parts and accessories thereof","2","false","C00","TOTAL CPC","0","0","TOTAL MOT","-1","N/A","0","false","-1","N/A","0","false","0","true","0","false",,"1509421.983","1509421.983","4","false","true",
"C","A","20230101","2023","52","2023","764","THA","Thailand","X","Export","156","CHN","China","0","W00","World","H6","HS","true","93","Arms and ammunition; parts and accessories thereof","2","false","C00","TOTAL CPC","0","0","TOTAL MOT","-1","N/A","0","false","-1","N/A","0","false","0","true","0","false",,"173996.2","173996.2","4","false","true",
"C","A","20230101","2023","52","2023","784","ARE","United Arab Emirates","X","Export","156","CHN","China","0","W00","World","H6","HS","true","93","Arms and ammunition; parts and accessories thereof","2","false","C00","TOTAL CPC","0","0","TOTAL MOT","-1","N/A","0","false","-1","N/A","0","false","0","false","0","false",,"4522.805","4522.805","0","false","true",
"C","A","20230101","2023","52","2023","792","TUR","Türkiye","X","Export","156","CHN","China","0","W00","World","H6","HS","true","93","Arms and ammunition; parts and accessories thereof","2","false","C00","TOTAL CPC","0","0","TOTAL MOT","-1","N/A","0","false","-1","N/A","0","false","0","false","0","false",,"392","392","0","false","true",
"C","A","20230101","2023","52","2023","800","UGA","Uganda","X","Export","156","CHN","China","0","W00","World","H6","HS","true","93","Arms and ammunition; parts and accessories thereof","2","false","C00","TOTAL CPC","0","0","TOTAL MOT","-1","N/A","0","false","-1","N/A","0","false","0","false","0","false",,"435223.43","435223.43","0","false","true",
"C","A","20230101","2023","52","2023","826","GBR","United Kingdom","X","Export","156","CHN","China","0","W00","World","H6","HS","true","93","Arms and ammunition; parts and accessories thereof","2","false","C00","TOTAL CPC","0","0","TOTAL MOT","-1","N/A","0","false","-1","N/A","0","false","0","false","0","false",,"717258.036","717258.036","0","false","true",
"C","A","20230101","2023","52","2023","842","USA","USA","X","Export","156","CHN","China","0","W00","World","H6","HS","true","93","Arms and ammunition; parts and accessories thereof","2","false","C00","TOTAL CPC","0","0","TOTAL MOT","-1","N/A","0","false","-1","N/A","0","false","0","true","0","false",,"632328","632328","4","false","true",
"C","A","20240101","2024","52","2024","36","AUS","Australia","X","Export","156","CHN","China","0","W00","World","H6","HS","true","93","Arms and ammunition; parts and accessories thereof","2","false","C00","TOTAL CPC","0","0","TOTAL MOT","-1","N/A","0","false","-1","N/A","0","false","0","true","0","false",,"1290083.233","1290083.233","4","false","true",
"C","A","20240101","2024","52","2024","40","AUT","Austria","X","Export","156","CHN","China","0","W00","World","H6","HS","true","93","Arms and ammunition; parts and accessories thereof","2","false","C00","TOTAL CPC","0","0","TOTAL MOT","-1","N/A","0","false","-1","N/A","0","false","0","false","0","false",,"986561.647","986561.647","0","false","true",
"C","A","20240101","2024","52","2024","76","BRA","Brazil","X","Export","156","CHN","China","0","W00","World","H6","HS","true","93","Arms and ammunition; parts and accessories thereof","2","false","C00","TOTAL CPC","0","0","TOTAL MOT","-1","N/A","0","false","-1","N/A","0","false","0","false","0","false",,"301879","301879","0","false","true",
"C","A","20240101","2024","52","2024","124","CAN","Canada","X","Export","156","CHN","China","0","W00","World","H6","HS","true","93","Arms and ammunition; parts and accessories thereof","2","false","C00","TOTAL CPC","0","0","TOTAL MOT","-1","N/A","0","false","-1","N/A","0","false","0","true","0","false",,"30001.259","30001.259","4","false","true",
"C","A","20240101","2024","52","2024","203","CZE","Czechia","X","Export","156","CHN","China","0","W00","World","H6","HS","true","93","Arms and ammunition; parts and accessories thereof","2","false","C00","TOTAL CPC","0","0","TOTAL MOT","-1","N/A","0","false","-1","N/A","0","false","0","false","0","false",,"78442","78442","0","false","true",
"C","A","20240101","2024","52","2024","251","FRA","France","X","Export","156","CHN","China","0","W00","World","H6","HS","true","93","Arms and ammunition; parts and accessories thereof","2","false","C00","TOTAL CPC","0","0","TOTAL MOT","-1","N/A","0","false","-1","N/A","0","false","0","false","0","false",,"6406.61","6406.61","0","false","true",
"C","A","20240101","2024","52","2024","276","DEU","Germany","X","Export","156","CHN","China","0","W00","World","H6","HS","true","93","Arms and ammunition; parts and accessories thereof","2","false","C00","TOTAL CPC","0","0","TOTAL MOT","-1","N/A","0","false","-1","N/A","0","false","0","false","0","false",,"4457243.196","4457243.196","0","false","true",
"C","A","20240101","2024","52","2024","300","GRC","Greece","X","Export","156","CHN","China","0","W00","World","H6","HS","true","93","Arms and ammunition; parts and accessories thereof","2","false","C00","TOTAL CPC","0","0","TOTAL MOT","-1","N/A","0","false","-1","N/A","0","false","0","false","0","false",,"9765.237","9765.237","0","false","true",
"C","A","20240101","2024","52","2024","360","IDN","Indonesia","X","Export","156","CHN","China","0","W00","World","H6","HS","true","93","Arms and ammunition; parts and accessories thereof","2","false","C00","TOTAL CPC","0","0","TOTAL MOT","-1","N/A","0","false","-1","N/A","0","false","0","false","0","false",,"101704.786","101704.786","0","false","true",
"C","A","20240101","2024","52","2024","380","ITA","Italy","X","Export","156","CHN","China","0","W00","World","H6","HS","true","93","Arms and ammunition; parts and accessories thereof","2","false","C00","TOTAL CPC","0","0","TOTAL MOT","-1","N/A","0","false","-1","N/A","0","false","0","false","0","false",,"1884753.034","1884753.034","0","false","true",
"C","A","20240101","2024","52","2024","392","JPN","Japan","X","Export","156","CHN","China","0","W00","World","H6","HS","true","93","Arms and ammunition; parts and accessories thereof","2","false","C00","TOTAL CPC","0","0","TOTAL MOT","-1","N/A","0","false","-1","N/A","0","false","0","false","0","false",,"8396.849","8396.849","0","false","true",
"C","A","20240101","2024","52","2024","410","KOR","Rep. of Korea","X","Export","156","CHN","China","0","W00","World","H6","HS","true","93","Arms and ammunition; parts and accessories thereof","2","false","C00","TOTAL CPC","0","0","TOTAL MOT","-1","N/A","0","false","-1","N/A","0","false","0","false","0","false",,"751","751","0","false","true",
"C","A","20240101","2024","52","2024","458","MYS","Malaysia","X","Export","156","CHN","China","0","W00","World","H6","HS","true","93","Arms and ammunition; parts and accessories thereof","2","false","C00","TOTAL CPC","0","0","TOTAL MOT","-1","N/A","0","false","-1","N/A","0","false","0","false","0","false",,"96208.658","96208.658","0","false","true",
"C","A","20240101","2024","52","2024","528","NLD","Netherlands","X","Export","156","CHN","China","0","W00","World","H6","HS","true","93","Arms and ammunition; parts and accessories thereof","2","false","C00","TOTAL CPC","0","0","TOTAL MOT","-1","N/A","0","false","-1","N/A","0","false","0","false","0","false",,"540.108","540.108","0","false","true",
"C","A","20240101","2024","52","2024","554","NZL","New Zealand","X","Export","156","CHN","China","0","W00","World","H6","HS","true","93","Arms and ammunition; parts and accessories thereof","2","false","C00","TOTAL CPC","0","0","TOTAL MOT","-1","N/A","0","false","-1","N/A","0","false","0","true","0","false",,"131578.951","131578.951","4","false","true",
"C","A","20240101","2024","52","2024","616","POL","Poland","X","Export","156","CHN","China","0","W00","World","H6","HS","true","93","Arms and ammunition; parts and accessories thereof","2","false","C00","TOTAL CPC","0","0","TOTAL MOT","-1","N/A","0","false","-1","N/A","0","false","0","true","0","false",,"91998","91998","4","false","true",
"C","A","20240101","2024","52","2024","688","SRB","Serbia","X","Export","156","CHN","China","0","W00","World","H6","HS","true","93","Arms and ammunition; parts and accessories thereof","2","false","C00","TOTAL CPC","0","0","TOTAL MOT","-1","N/A","0","false","-1","N/A","0","false","0","false","0","false",,"90261","90261","0","false","true",
"C","A","20240101","2024","52","2024","703","SVK","Slovakia","X","Export","156","CHN","China","0","W00","World","H6","HS","true","93","Arms and ammunition; parts and accessories thereof","2","false","C00","TOTAL CPC","0","0","TOTAL MOT","-1","N/A","0","false","-1","N/A","0","false","0","false","0","false",,"6338.42","6338.42","0","false","true",
"C","A","20240101","2024","52","2024","724","ESP","Spain","X","Export","156","CHN","China","0","W00","World","H6","HS","true","93","Arms and ammunition; parts and accessories thereof","2","false","C00","TOTAL CPC","0","0","TOTAL MOT","-1","N/A","0","false","-1","N/A","0","false","0","false","0","false",,"4116.692","4116.692","0","false","true",
"C","A","20240101","2024","52","2024","752","SWE","Sweden","X","Export","156","CHN","China","0","W00","World","H6","HS","true","93","Arms and ammunition; parts and accessories thereof","2","false","C00","TOTAL CPC","0","0","TOTAL MOT","-1","N/A","0","false","-1","N/A","0","false","0","true","0","false",,"33309.243","33309.243","4","false","true",
"C","A","20240101","2024","52","2024","757","CHE","Switzerland","X","Export","156","CHN","China","0","W00","World","H6","HS","true","93","Arms and ammunition; parts and accessories thereof","2","false","C00","TOTAL CPC","0","0","TOTAL MOT","-1","N/A","0","false","-1","N/A","0","false","0","false","0","false",,"2674655.757","2674655.757","0","false","true",
"C","A","20240101","2024","52","2024","764","THA","Thailand","X","Export","156","CHN","China","0","W00","World","H6","HS","true","93","Arms and ammunition; parts and accessories thereof","2","false","C00","TOTAL CPC","0","0","TOTAL MOT","-1","N/A","0","false","-1","N/A","0","false","0","false","0","false",,"10.89","10.89","0","false","true",
"C","A","20240101","2024","52","2024","792","TUR","Türkiye","X","Export","156","CHN","China","0","W00","World","H6","HS","true","93","Arms and ammunition; parts and accessories thereof","2","false","C00","TOTAL CPC","0","0","TOTAL MOT","-1","N/A","0","false","-1","N/A","0","false","0","false","0","false",,"9200","9200","0","false","true",
"C","A","20240101","2024","52","2024","826","GBR","United Kingdom","X","Export","156","CHN","China","0","W00","World","H6","HS","true","93","Arms and ammunition; parts and accessories thereof","2","false","C00","TOTAL CPC","0","0","TOTAL MOT","-1","N/A","0","false","-1","N/A","0","false","0","false","0","false",,"984098.068","984098.068","0","false","true",
"C","A","20240101","2024","52","2024","842","USA","USA","X","Export","156","CHN","China","0","W00","World","H6","HS","true","93","Arms and ammunition; parts and accessories thereof","2","false","C00","TOTAL CPC","0","0","TOTAL MOT","-1","N/A","0","false","-1","N/A","0","false","0","true","0","false",,"340205","340205","4","false","true",
